time,SMA
2024-07-02 17:30,173.6552
2024-07-02 18:00,173.7198
2024-07-02 18:30,173.7963
2024-07-02 19:00,173.8655
2024-07-02 19:30,173.9331
2024-07-03 04:00,174.007
2024-07-03 04:30,174.0787
2024-07-03 05:00,174.155
2024-07-03 05:30,174.2315
2024-07-03 06:30,174.31
2024-07-03 07:00,174.3858
2024-07-03 07:30,174.4584
2024-07-03 08:00,174.5121
2024-07-03 08:30,174.5704
2024-07-03 09:00,174.6189
2024-07-03 09:30,174.648
2024-07-03 10:00,174.6721
2024-07-03 10:30,174.6898
2024-07-03 11:00,174.7013
2024-07-03 11:30,174.687
2024-07-03 12:00,174.6825
2024-07-03 12:30,174.6868
2024-07-03 13:00,174.691
2024-07-03 13:30,174.6962
2024-07-03 14:00,174.7029
2024-07-03 14:30,174.7117
2024-07-03 15:00,174.7209
2024-07-03 15:30,174.7323
2024-07-03 16:00,174.7462
2024-07-03 16:30,174.7569
2024-07-03 17:00,174.7677
2024-07-05 04:00,174.7784
2024-07-05 04:30,174.7892
2024-07-05 05:00,174.8015
2024-07-05 05:30,174.8136
2024-07-05 06:00,174.826
2024-07-05 06:30,174.8376
2024-07-05 07:00,174.8536
2024-07-05 07:30,174.8615
2024-07-05 08:00,174.8784
2024-07-05 08:30,174.8974
2024-07-05 09:00,174.9174
2024-07-05 09:30,174.9314
2024-07-05 10:00,174.9185
2024-07-05 10:30,174.9217
2024-07-05 11:00,174.8966
2024-07-05 11:30,174.8649
2024-07-05 12:00,174.8335
2024-07-05 12:30,174.8122
2024-07-05 13:00,174.7907
2024-07-05 13:30,174.7727
2024-07-05 14:00,174.7547
2024-07-05 14:30,174.7365
2024-07-05 15:00,174.7057
2024-07-05 15:30,174.6875
2024-07-05 16:00,174.6698
2024-07-05 16:30,174.6366
2024-07-05 18:00,174.6072
2024-07-05 18:30,174.5857
2024-07-05 19:00,174.5624
2024-07-05 19:30,174.5346
2024-07-08 04:00,174.5113
2024-07-08 04:30,174.4867
2024-07-08 05:00,174.4655
2024-07-08 05:30,174.4437
2024-07-08 06:00,174.4163
2024-07-08 06:30,174.3882
2024-07-08 07:00,174.3616
2024-07-08 07:30,174.3401
2024-07-08 08:00,174.3082
2024-07-08 08:30,174.2879
2024-07-08 09:00,174.2591
2024-07-08 09:30,174.2673
2024-07-08 10:00,174.2566
2024-07-08 10:30,174.2493
2024-07-08 11:00,174.2488
2024-07-08 11:30,174.2438
2024-07-08 12:00,174.2476
2024-07-08 12:30,174.2575
2024-07-08 13:00,174.2811
2024-07-08 13:30,174.3044
2024-07-08 14:00,174.3257
2024-07-08 14:30,174.3501
2024-07-08 15:00,174.3789
2024-07-08 15:30,174.4139
2024-07-08 16:00,174.45
2024-07-08 16:30,174.4862
2024-07-08 17:00,174.5143
2024-07-08 17:30,174.5444
2024-07-08 18:00,174.5804
2024-07-08 18:30,174.6161
2024-07-08 19:00,174.649
2024-07-08 19:30,174.6865
2024-07-09 04:00,174.7238
2024-07-09 04:30,174.7613
2024-07-09 05:00,174.7988
2024-07-09 05:30,174.8408
2024-07-09 06:00,174.8793
2024-07-09 06:30,174.919
2024-07-09 07:00,174.9588
2024-07-09 08:00,174.9988
2024-07-09 08:30,175.0344
2024-07-09 09:00,175.0688
2024-07-09 09:30,175.1088
2024-07-09 10:00,175.13
2024-07-09 10:30,175.1613
2024-07-09 11:00,175.1803
2024-07-09 11:30,175.1977
2024-07-09 12:00,175.2136
2024-07-09 12:30,175.2381
2024-07-09 13:00,175.2495
2024-07-09 13:30,175.2577
2024-07-09 14:00,175.2618
2024-07-09 14:30,175.2676
2024-07-09 15:00,175.2652
2024-07-09 15:30,175.273
2024-07-09 16:00,175.2811
2024-07-09 16:30,175.3016
2024-07-09 17:00,175.3086
2024-07-09 17:30,175.3231
2024-07-09 18:00,175.3327
2024-07-09 18:30,175.3408
2024-07-09 19:00,175.3488
2024-07-09 19:30,175.3564
2024-07-10 04:00,175.3717
2024-07-10 04:30,175.3854
2024-07-10 05:00,175.3985
2024-07-10 05:30,175.4059
2024-07-10 06:00,175.4115
2024-07-10 06:30,175.4219
2024-07-10 07:00,175.4266
2024-07-10 07:30,175.4418
2024-07-10 08:00,175.4168
2024-07-10 08:30,175.407
2024-07-10 09:00,175.3912
2024-07-10 09:30,175.3588
2024-07-10 10:00,175.337
2024-07-10 10:30,175.3285
2024-07-10 11:00,175.32
2024-07-10 11:30,175.3043
2024-07-10 12:00,175.2936
2024-07-10 12:30,175.286
2024-07-10 13:00,175.2769
2024-07-10 13:30,175.2696
2024-07-10 14:00,175.2572
2024-07-10 14:30,175.2483
2024-07-10 15:00,175.2436
2024-07-10 15:30,175.2507
2024-07-10 16:00,175.2529
2024-07-10 16:30,175.24
2024-07-10 17:00,175.2335
2024-07-10 17:30,175.2353
2024-07-10 18:00,175.2329
2024-07-10 18:30,175.2297
2024-07-10 19:00,175.2273
2024-07-10 19:30,175.2198
2024-07-11 04:00,175.214
2024-07-11 04:30,175.2116
2024-07-11 05:00,175.2097
2024-07-11 05:30,175.2106
2024-07-11 06:00,175.2116
2024-07-11 06:30,175.2119
2024-07-11 07:00,175.222
2024-07-11 07:30,175.2429
2024-07-11 08:00,175.2683
2024-07-11 08:30,175.285
2024-07-11 09:00,175.3137
2024-07-11 09:30,175.3494
2024-07-11 10:00,175.3947
2024-07-11 10:30,175.4357
2024-07-11 11:00,175.4794
2024-07-11 11:30,175.5179
2024-07-11 12:00,175.5626
2024-07-11 12:30,175.5949
2024-07-11 13:00,175.6381
2024-07-11 13:30,175.6707
2024-07-11 14:00,175.7153
2024-07-11 14:30,175.749
2024-07-11 15:00,175.7824
2024-07-11 15:30,175.811
2024-07-11 16:00,175.8408
2024-07-11 16:30,175.8661
2024-07-11 17:00,175.8916
2024-07-11 17:30,175.9233
2024-07-11 18:00,175.9456
2024-07-11 18:30,175.9666
2024-07-11 19:00,175.9891
2024-07-11 19:30,176.0124
2024-07-12 04:00,176.0413
2024-07-12 04:30,176.0713
2024-07-12 05:30,176.108
2024-07-12 06:00,176.1331
2024-07-12 06:30,176.169
2024-07-12 07:00,176.2004
2024-07-12 07:30,176.2331
2024-07-12 08:00,176.2924
2024-07-12 08:30,176.3497
2024-07-12 09:00,176.3887
2024-07-12 09:30,176.4434
2024-07-12 10:00,176.5267
2024-07-12 10:30,176.5993
2024-07-12 11:00,176.6786
2024-07-12 11:30,176.7692
2024-07-12 12:00,176.8574
2024-07-12 12:30,176.9608
2024-07-12 13:00,177.063
2024-07-12 13:30,177.1601
2024-07-12 14:00,177.2505
2024-07-12 14:30,177.3455
2024-07-12 15:00,177.4511
2024-07-12 15:30,177.5395
2024-07-12 16:00,177.6246
2024-07-12 16:30,177.7084
2024-07-12 17:00,177.7903
2024-07-12 17:30,177.8728
2024-07-12 18:00,177.9565
2024-07-12 18:30,178.0353
2024-07-12 19:00,178.1143
2024-07-12 19:30,178.1947
2024-07-15 04:00,178.28
2024-07-15 04:30,178.3634
2024-07-15 05:00,178.4561
2024-07-15 05:30,178.5425
2024-07-15 06:00,178.6279
2024-07-15 06:30,178.7064
2024-07-15 07:00,178.7918
2024-07-15 07:30,178.8784
2024-07-15 08:00,178.9608
2024-07-15 08:30,179.0328
2024-07-15 09:00,179.1025
2024-07-15 09:30,179.1727
2024-07-15 10:00,179.2484
2024-07-15 10:30,179.3391
2024-07-15 11:00,179.4424
2024-07-15 11:30,179.5485
2024-07-15 12:00,179.6362
2024-07-15 12:30,179.7182
2024-07-15 13:00,179.8001
2024-07-15 13:30,179.8809
2024-07-15 14:00,179.9637
2024-07-15 14:30,180.0521
2024-07-15 15:00,180.1423
2024-07-15 15:30,180.2235
2024-07-15 16:00,180.2975
2024-07-15 16:30,180.3723
2024-07-15 17:00,180.4523
2024-07-15 17:30,180.5361
2024-07-15 18:00,180.6194
2024-07-15 18:30,180.7053
2024-07-15 19:00,180.7785
2024-07-15 19:30,180.8452
2024-07-16 04:00,180.9197
2024-07-16 04:30,180.9921
2024-07-16 05:00,181.0661
2024-07-16 05:30,181.143
2024-07-16 06:00,181.2471
2024-07-16 06:30,181.3503
2024-07-16 07:00,181.4533
2024-07-16 07:30,181.5374
2024-07-16 08:00,181.6076
2024-07-16 08:30,181.6815
2024-07-16 09:00,181.7422
2024-07-16 09:30,181.8125
2024-07-16 10:00,181.8719
2024-07-16 10:30,181.9199
2024-07-16 11:00,181.9657
2024-07-16 11:30,182.0034
2024-07-16 12:00,182.0346
2024-07-16 12:30,182.0743
2024-07-16 13:00,182.1049
2024-07-16 13:30,182.1533
2024-07-16 14:00,182.2005
2024-07-16 14:30,182.2484
2024-07-16 15:00,182.2973
2024-07-16 15:30,182.346
2024-07-16 16:00,182.3986
2024-07-16 16:30,182.449
2024-07-16 17:00,182.5012
2024-07-16 17:30,182.5525
2024-07-16 18:00,182.5994
2024-07-16 18:30,182.646
2024-07-16 19:00,182.6868
2024-07-16 19:30,182.725
2024-07-17 04:00,182.7643
2024-07-17 04:30,182.8018
2024-07-17 05:00,182.8408
2024-07-17 05:30,182.8813
2024-07-17 06:00,182.9199
2024-07-17 06:30,182.9555
2024-07-17 07:00,182.986
2024-07-17 07:30,183.0186
2024-07-17 08:00,183.0539
2024-07-17 08:30,183.069
2024-07-17 09:00,183.0865
2024-07-17 09:30,183.1114
2024-07-17 10:00,183.165
2024-07-17 10:30,183.2214
2024-07-17 11:00,183.2612
2024-07-17 11:30,183.3202
2024-07-17 12:00,183.376
2024-07-17 12:30,183.4382
2024-07-17 13:00,183.4975
2024-07-17 13:30,183.5744
2024-07-17 14:00,183.6441
2024-07-17 14:30,183.7109
2024-07-17 15:00,183.7801
2024-07-17 15:30,183.8506
2024-07-17 16:00,183.9159
2024-07-17 16:30,183.9802
2024-07-17 17:00,184.063
2024-07-17 17:30,184.1381
2024-07-17 18:00,184.209
2024-07-17 18:30,184.2854
2024-07-17 19:00,184.3599
2024-07-17 19:30,184.4316
2024-07-18 04:00,184.4575
2024-07-18 04:30,184.4811
2024-07-18 05:00,184.5043
2024-07-18 05:30,184.5267
2024-07-18 06:00,184.56
2024-07-18 06:30,184.5823
2024-07-18 07:00,184.616
2024-07-18 07:30,184.6306
2024-07-18 08:00,184.6418
2024-07-18 08:30,184.6294
2024-07-18 09:00,184.6195
2024-07-18 09:30,184.677
2024-07-18 10:00,184.735
2024-07-18 10:30,184.7782
2024-07-18 11:00,184.8312
2024-07-18 11:30,184.8732
2024-07-18 12:00,184.8961
2024-07-18 12:30,184.9122
2024-07-18 13:00,184.9292
2024-07-18 13:30,184.9252
2024-07-18 14:00,184.9211
2024-07-18 14:30,184.9224
2024-07-18 15:00,184.9162
2024-07-18 15:30,184.9068
2024-07-18 16:00,184.8955
2024-07-18 16:30,184.8854
2024-07-18 17:00,184.8748
2024-07-18 17:30,184.87
2024-07-18 18:00,184.8695
2024-07-18 18:30,184.8885
2024-07-18 19:00,184.8928
2024-07-18 19:30,184.8912
2024-07-19 04:00,184.8856
2024-07-19 04:30,184.8846
2024-07-19 05:00,184.8849
2024-07-19 05:30,184.8915
2024-07-19 06:00,184.9062
2024-07-19 06:30,184.9229
2024-07-19 07:00,184.9367
2024-07-19 07:30,184.9244
2024-07-19 08:00,184.9012
2024-07-19 08:30,184.8751
2024-07-19 09:00,184.8807
2024-07-19 09:30,184.84
2024-07-19 10:00,184.7913
2024-07-19 10:30,184.7355
2024-07-19 11:00,184.6677
2024-07-19 11:30,184.6007
2024-07-19 12:00,184.5372
2024-07-19 12:30,184.47
2024-07-19 13:00,184.3928
2024-07-19 13:30,184.3176
2024-07-19 14:00,184.241
2024-07-19 14:30,184.1535
2024-07-19 15:00,184.0659
2024-07-19 15:30,183.9962
2024-07-19 16:00,183.9294
2024-07-19 16:30,183.8787
2024-07-19 17:00,183.828
2024-07-19 17:30,183.7687
2024-07-19 18:00,183.7361
2024-07-19 18:30,183.691
2024-07-19 19:00,183.648
2024-07-19 19:30,183.5971
2024-07-22 04:00,183.5342
2024-07-22 04:30,183.4889
2024-07-22 05:00,183.4318
2024-07-22 05:30,183.3748
2024-07-22 06:00,183.3293
2024-07-22 06:30,183.3015
2024-07-22 07:00,183.278
2024-07-22 07:30,183.1955
2024-07-22 08:00,183.1108
2024-07-22 08:30,183.0344
2024-07-22 09:00,182.9469
2024-07-22 09:30,182.8692
2024-07-22 10:00,182.8224
2024-07-22 10:30,182.7768
2024-07-22 11:00,182.7279
2024-07-22 11:30,182.6926
2024-07-22 12:00,182.6496
2024-07-22 12:30,182.6096
2024-07-22 13:00,182.5733
2024-07-22 13:30,182.5444
2024-07-22 14:00,182.5183
2024-07-22 14:30,182.4948
2024-07-22 15:00,182.4718
2024-07-22 15:30,182.4527
2024-07-22 16:00,182.4335
2024-07-22 16:30,182.4008
2024-07-22 17:00,182.3765
2024-07-22 17:30,182.3541
2024-07-22 18:00,182.3293
2024-07-22 18:30,182.3138
2024-07-22 19:00,182.2905
2024-07-22 19:30,182.2698
2024-07-23 04:00,182.2396
2024-07-23 04:30,182.2004
2024-07-23 05:00,182.1629
2024-07-23 05:30,182.1385
2024-07-23 06:00,182.1173
2024-07-23 06:30,182.1007
2024-07-23 07:00,182.0663
2024-07-23 07:30,182.0667
2024-07-23 08:00,182.0793
2024-07-23 08:30,182.0868
2024-07-23 09:00,182.1122
2024-07-23 09:30,182.1238
2024-07-23 10:00,182.1404
2024-07-23 10:30,182.1493
2024-07-23 11:00,182.1688
2024-07-23 11:30,182.187
2024-07-23 12:00,182.2133
2024-07-23 12:30,182.2433
2024-07-23 13:00,182.2714
2024-07-23 13:30,182.2913
2024-07-23 14:00,182.3167
2024-07-23 14:30,182.3299
2024-07-23 15:00,182.3414
2024-07-23 15:30,182.3455
2024-07-23 16:00,182.3406
2024-07-23 16:30,182.3546
2024-07-23 17:00,182.3612
2024-07-23 17:30,182.369
2024-07-23 18:00,182.3774
2024-07-23 18:30,182.3814
2024-07-23 19:00,182.3888
2024-07-23 19:30,182.3854
2024-07-24 04:00,182.3786
2024-07-24 04:30,182.3698
2024-07-24 05:00,182.3502
2024-07-24 05:30,182.3343
2024-07-24 06:00,182.3307
2024-07-24 06:30,182.3211
2024-07-24 07:00,182.3227
2024-07-24 07:30,182.317
2024-07-24 08:00,182.3041
2024-07-24 08:30,182.2939
2024-07-24 09:00,182.2957
2024-07-24 09:30,182.3003
2024-07-24 10:00,182.3176
2024-07-24 10:30,182.3308
2024-07-24 11:00,182.3323
2024-07-24 11:30,182.336
2024-07-24 12:00,182.3543
2024-07-24 12:30,182.362
2024-07-24 13:00,182.3566
2024-07-24 13:30,182.3435
2024-07-24 14:00,182.3324
2024-07-24 14:30,182.3285
2024-07-24 15:00,182.3309
2024-07-24 15:30,182.3408
2024-07-24 16:00,182.4688
2024-07-24 16:30,182.5696
2024-07-24 17:00,182.6745
2024-07-24 17:30,182.7547
2024-07-24 18:00,182.8439
2024-07-24 18:30,182.9376
2024-07-24 19:00,183.0379
2024-07-24 19:30,183.1248
2024-07-25 04:00,183.2331
2024-07-25 04:30,183.3519
2024-07-25 05:00,183.4719
2024-07-25 05:30,183.5927
2024-07-25 06:00,183.7115
2024-07-25 06:30,183.8546
2024-07-25 07:00,183.9428
2024-07-25 07:30,184.0456
2024-07-25 08:00,184.1288
2024-07-25 08:30,184.2219
2024-07-25 09:00,184.2675
2024-07-25 09:30,184.4048
2024-07-25 10:00,184.5144
2024-07-25 10:30,184.6202
2024-07-25 11:00,184.7493
2024-07-25 11:30,184.9107
2024-07-25 12:00,185.08
2024-07-25 12:30,185.2475
2024-07-25 13:00,185.4166
2024-07-25 13:30,185.5928
2024-07-25 14:00,185.7618
2024-07-25 14:30,185.9153
2024-07-25 15:00,186.079
2024-07-25 15:30,186.2209
2024-07-25 16:00,186.3506
2024-07-25 16:30,186.4761
2024-07-25 17:00,186.6086
2024-07-25 17:30,186.7483
2024-07-25 18:00,186.8932
2024-07-25 18:30,187.041
2024-07-25 19:00,187.1893
2024-07-25 19:30,187.3395
2024-07-26 04:00,187.4889
2024-07-26 04:30,187.6442
2024-07-26 05:00,187.806
2024-07-26 05:30,187.9712
2024-07-26 06:00,188.1308
2024-07-26 06:30,188.2963
2024-07-26 07:00,188.4502
2024-07-26 07:30,188.6051
2024-07-26 08:00,188.7493
2024-07-26 08:30,188.8853
2024-07-26 09:00,188.9936
2024-07-26 09:30,189.1292
2024-07-26 10:00,189.2561
2024-07-26 10:30,189.3774
2024-07-26 11:00,189.5182
2024-07-26 11:30,189.6799
2024-07-26 12:00,189.8307
2024-07-26 12:30,189.9805
2024-07-26 13:00,190.1214
2024-07-26 13:30,190.2371
2024-07-26 14:00,190.2361
2024-07-26 14:30,190.2596
2024-07-26 15:00,190.2895
2024-07-26 15:30,190.3364
2024-07-26 16:00,190.3777
2024-07-26 16:30,190.4256
2024-07-26 17:00,190.4686
2024-07-26 17:30,190.5124
2024-07-26 18:00,190.5316
2024-07-26 18:30,190.5463
2024-07-26 19:00,190.5542
2024-07-26 19:30,190.5613
2024-07-29 04:00,190.5628
2024-07-29 04:30,190.5498
2024-07-29 05:00,190.5849
2024-07-29 05:30,190.6114
2024-07-29 06:00,190.6598
2024-07-29 06:30,190.7122
2024-07-29 07:00,190.8143
2024-07-29 07:30,190.8135
2024-07-29 08:00,190.841
2024-07-29 08:30,190.8794
2024-07-29 09:00,190.9105
2024-07-29 09:30,190.8695
2024-07-29 10:00,190.7849
2024-07-29 10:30,190.7
2024-07-29 11:00,190.6105
2024-07-29 11:30,190.5376
2024-07-29 12:00,190.4857
2024-07-29 12:30,190.4475
2024-07-29 13:00,190.4009
2024-07-29 13:30,190.3808
2024-07-29 14:00,190.368
2024-07-29 14:30,190.3652
2024-07-29 15:00,190.3571
2024-07-29 15:30,190.3523
2024-07-29 16:00,190.3424
2024-07-29 16:30,190.3342
2024-07-29 17:00,190.3262
2024-07-29 17:30,190.313
2024-07-29 18:00,190.2983
2024-07-29 18:30,190.279
2024-07-29 19:00,190.2438
2024-07-29 19:30,190.203
2024-07-30 04:00,190.1718
2024-07-30 04:30,190.1379
2024-07-30 05:00,190.1033
2024-07-30 05:30,190.0637
2024-07-30 06:00,190.0302
2024-07-30 06:30,189.9962
2024-07-30 07:00,190.0131
2024-07-30 07:30,190.0029
2024-07-30 08:00,189.9917
2024-07-30 08:30,189.9903
2024-07-30 09:00,189.9827
2024-07-30 09:30,189.9728
2024-07-30 10:00,189.9499
2024-07-30 10:30,189.911
2024-07-30 11:00,189.8727
2024-07-30 11:30,189.8471
2024-07-30 12:00,189.8241
2024-07-30 12:30,189.7898
2024-07-30 13:00,189.7548
2024-07-30 13:30,189.7308
2024-07-30 14:00,189.7118
2024-07-30 14:30,189.6831
2024-07-30 15:00,189.6556
2024-07-30 15:30,189.639
2024-07-30 16:00,189.6232
2024-07-30 16:30,189.6007
2024-07-30 17:00,189.5746
2024-07-30 17:30,189.5515
2024-07-30 18:00,189.5391
2024-07-30 18:30,189.5174
2024-07-30 19:00,189.5075
2024-07-30 19:30,189.4902
2024-07-31 04:00,189.4841
2024-07-31 04:30,189.4826
2024-07-31 05:00,189.4732
2024-07-31 05:30,189.4606
2024-07-31 06:00,189.4494
2024-07-31 06:30,189.4319
2024-07-31 07:00,189.4005
2024-07-31 07:30,189.4018
2024-07-31 08:00,189.4363
2024-07-31 08:30,189.4642
2024-07-31 09:00,189.4829
2024-07-31 09:30,189.4985
2024-07-31 10:00,189.5169
2024-07-31 10:30,189.5478
2024-07-31 11:00,189.5904
2024-07-31 11:30,189.6341
2024-07-31 12:00,189.6768
2024-07-31 12:30,189.711
2024-07-31 13:00,189.7397
2024-07-31 13:30,189.7702
2024-07-31 14:00,189.8055
2024-07-31 14:30,189.8513
2024-07-31 15:00,189.8823
2024-07-31 15:30,189.8944
2024-07-31 16:00,189.9027
2024-07-31 16:30,189.958
2024-07-31 17:00,189.9767
2024-07-31 17:30,189.9988
2024-07-31 18:00,190.0425
2024-07-31 18:30,190.0554
2024-07-31 19:00,190.0808
2024-07-31 19:30,190.1134
2024-08-02 17:30,187.6489
2024-08-02 18:00,187.6005
2024-08-02 18:30,187.5517
2024-08-02 19:00,187.4959
2024-08-02 19:30,187.4341
2024-08-05 04:00,187.3548
2024-08-05 04:30,187.2519
2024-08-05 05:00,187.118
2024-08-05 05:30,186.9865
2024-08-05 06:00,186.8565
2024-08-05 06:30,186.7246
2024-08-05 07:00,186.5938
2024-08-05 07:30,186.471
2024-08-05 08:00,186.3132
2024-08-05 08:30,186.1766
2024-08-05 09:00,186.1019
2024-08-05 09:30,185.9747
2024-08-05 10:00,185.8527
2024-08-05 10:30,185.7364
2024-08-05 11:00,185.6526
2024-08-05 11:30,185.5714
2024-08-05 12:00,185.5035
2024-08-05 12:30,185.4332
2024-08-05 13:00,185.3562
2024-08-05 13:30,185.2616
2024-08-05 14:00,185.1704
2024-08-05 14:30,185.069
2024-08-05 15:00,184.9691
2024-08-05 15:30,184.879
2024-08-05 16:00,184.7784
2024-08-05 16:30,184.6799
2024-08-05 17:00,184.5938
2024-08-05 17:30,184.5007
2024-08-05 18:00,184.4516
2024-08-05 18:30,184.382
2024-08-05 19:00,184.3306
2024-08-05 19:30,184.2794
2024-08-06 04:00,184.2113
2024-08-06 04:30,184.1509
2024-08-06 05:00,184.0699
2024-08-06 05:30,183.9757
2024-08-06 06:00,183.8797
2024-08-06 06:30,183.7965
2024-08-06 07:00,183.7181
2024-08-06 07:30,183.6641
2024-08-06 08:00,183.6154
2024-08-06 08:30,183.581
2024-08-06 09:00,183.5541
2024-08-06 09:30,183.5266
2024-08-06 10:00,183.5026
2024-08-06 10:30,183.5053
2024-08-06 11:00,183.4872
2024-08-06 11:30,183.4753
2024-08-06 12:00,183.4544
2024-08-06 12:30,183.4367
2024-08-06 13:00,183.4279
2024-08-06 13:30,183.4181
2024-08-06 14:00,183.4003
2024-08-06 14:30,183.4001
2024-08-06 15:00,183.3836
2024-08-06 15:30,183.3567
2024-08-06 16:00,183.3237
2024-08-06 16:30,183.2797
2024-08-06 17:00,183.2409
2024-08-06 17:30,183.1989
2024-08-06 18:00,183.1885
2024-08-06 18:30,183.186
2024-08-06 19:00,183.2207
2024-08-06 19:30,183.2564
2024-08-07 04:00,183.2946
2024-08-07 04:30,183.3628
2024-08-07 05:00,183.4216
2024-08-07 05:30,183.48
2024-08-07 06:00,183.575
2024-08-07 06:30,183.6675
2024-08-07 07:00,183.7065
2024-08-07 07:30,183.8022
2024-08-07 08:00,183.8958
2024-08-07 08:30,183.997
2024-08-07 09:00,184.0663
2024-08-07 09:30,184.1398
2024-08-07 10:00,184.2008
2024-08-07 10:30,184.2864
2024-08-07 11:00,184.3733
2024-08-07 11:30,184.4589
2024-08-07 12:00,184.551
2024-08-07 12:30,184.6457
2024-08-07 13:00,184.7357
2024-08-07 13:30,184.8166
2024-08-07 14:00,184.8808
2024-08-07 14:30,184.934
2024-08-07 15:00,184.9943
2024-08-07 15:30,185.0419
2024-08-07 16:00,185.0717
2024-08-07 16:30,185.1097
2024-08-07 17:00,185.1378
2024-08-07 17:30,185.1617
2024-08-07 18:00,185.2078
2024-08-07 18:30,185.2495
2024-08-07 19:00,185.2959
2024-08-07 19:30,185.3519
2024-08-08 04:00,185.4006
2024-08-08 04:30,185.4575
2024-08-08 05:00,185.5046
2024-08-08 05:30,185.5617
2024-08-08 06:00,185.6305
2024-08-08 06:30,185.6685
2024-08-08 07:00,185.7066
2024-08-08 07:30,185.7319
2024-08-08 08:00,185.7588
2024-08-08 08:30,185.772
2024-08-08 09:00,185.8035
2024-08-08 09:30,185.8604
2024-08-08 10:00,185.9352
2024-08-08 10:30,186.0029
2024-08-08 11:00,186.0563
2024-08-08 11:30,186.0973
2024-08-08 12:00,186.1464
2024-08-08 12:30,186.198
2024-08-08 13:00,186.2681
2024-08-08 13:30,186.3547
2024-08-08 14:00,186.4396
2024-08-08 14:30,186.5408
2024-08-08 15:00,186.6426
2024-08-08 15:30,186.7564
2024-08-08 16:00,186.8524
2024-08-08 16:30,186.9712
2024-08-08 17:00,187.078
2024-08-08 17:30,187.1789
2024-08-08 18:00,187.2717
2024-08-08 18:30,187.3453
2024-08-08 19:00,187.4189
2024-08-08 19:30,187.497
2024-08-09 04:00,187.5758
2024-08-09 04:30,187.6581
2024-08-09 05:00,187.7344
2024-08-09 05:30,187.8044
2024-08-09 06:00,187.8765
2024-08-09 06:30,187.9512
2024-08-09 07:00,188.0253
2024-08-09 07:30,188.0869
2024-08-09 08:00,188.1537
2024-08-09 08:30,188.199
2024-08-09 09:00,188.2551
2024-08-09 09:30,188.3189
2024-08-09 10:00,188.3832
2024-08-09 10:30,188.4597
2024-08-09 11:00,188.5369
2024-08-09 11:30,188.6094
2024-08-09 12:00,188.7055
2024-08-09 12:30,188.814
2024-08-09 13:00,188.9227
2024-08-09 13:30,189.0303
2024-08-09 14:00,189.1401
2024-08-09 14:30,189.2513
2024-08-09 15:00,189.3681
2024-08-09 15:30,189.4833
2024-08-09 16:00,189.5925
2024-08-09 16:30,189.701
2024-08-09 17:00,189.8119
2024-08-09 17:30,189.9198
2024-08-09 18:00,190.0349
2024-08-09 18:30,190.1394
2024-08-09 19:00,190.2438
2024-08-09 19:30,190.3373
2024-08-12 04:00,190.4288
2024-08-12 04:30,190.541
2024-08-12 05:00,190.6404
2024-08-12 05:30,190.7362
2024-08-12 06:00,190.8246
2024-08-12 06:30,190.9201
2024-08-12 07:00,191.0054
2024-08-12 07:30,191.0562
2024-08-12 08:00,191.0897
2024-08-12 08:30,191.117
2024-08-12 09:00,191.1482
2024-08-12 09:30,191.1503
2024-08-12 10:00,191.1494
2024-08-12 10:30,191.1698
2024-08-12 11:00,191.1587
2024-08-12 11:30,191.1597
2024-08-12 12:00,191.1573
2024-08-12 12:30,191.1495
2024-08-12 13:00,191.1436
2024-08-12 13:30,191.1173
2024-08-12 14:00,191.0926
2024-08-12 14:30,191.0607
2024-08-12 15:00,191.0321
2024-08-12 15:30,191.0069
2024-08-12 16:00,190.9753
2024-08-12 16:30,190.9451
2024-08-12 17:30,190.9309
2024-08-12 18:00,190.9012
2024-08-12 18:30,190.8715
2024-08-12 19:00,190.8424
2024-08-12 19:30,190.8079
2024-08-13 04:00,190.7865
2024-08-13 04:30,190.764
2024-08-13 05:00,190.7342
2024-08-13 05:30,190.71
2024-08-13 06:00,190.6837
2024-08-13 06:30,190.6617
2024-08-13 07:00,190.6437
2024-08-13 07:30,190.6145
2024-08-13 08:00,190.5851
2024-08-13 08:30,190.5643
2024-08-13 09:00,190.5435
2024-08-13 09:30,190.5274
2024-08-13 10:00,190.5059
2024-08-13 10:30,190.4835
2024-08-13 11:00,190.4585
2024-08-13 11:30,190.417
2024-08-13 12:00,190.3951
2024-08-13 12:30,190.3828
2024-08-13 13:00,190.3705
2024-08-13 13:30,190.351
2024-08-13 14:00,190.3343
2024-08-13 14:30,190.3263
2024-08-13 15:00,190.3168
2024-08-13 15:30,190.3099
2024-08-13 16:00,190.3098
2024-08-13 16:30,190.3096
2024-08-13 17:00,190.3094
2024-08-13 17:30,190.3028
2024-08-13 18:00,190.2787
2024-08-13 18:30,190.253
2024-08-13 19:00,190.2475
2024-08-13 19:30,190.2534
2024-08-14 04:00,190.2647
2024-08-14 04:30,190.2572
2024-08-14 05:00,190.259
2024-08-14 05:30,190.2684
2024-08-14 06:00,190.2617
2024-08-14 06:30,190.258
2024-08-14 07:00,190.2589
2024-08-14 07:30,190.2642
2024-08-14 08:00,190.2929
2024-08-14 08:30,190.3208
2024-08-14 09:00,190.3248
2024-08-14 09:30,190.3484
2024-08-14 10:00,190.3728
2024-08-14 10:30,190.3953
2024-08-14 11:00,190.4251
2024-08-14 11:30,190.4648
2024-08-14 12:00,190.5105
2024-08-14 12:30,190.5588
2024-08-14 13:00,190.6043
2024-08-14 13:30,190.6473
2024-08-14 14:00,190.6873
2024-08-14 14:30,190.744
2024-08-14 15:00,190.7847
2024-08-14 15:30,190.8172
2024-08-14 16:00,190.8583
2024-08-14 16:30,190.8945
2024-08-14 17:00,190.926
2024-08-14 17:30,190.9788
2024-08-14 18:00,191.0192
2024-08-14 18:30,191.0617
2024-08-14 19:00,191.1077
2024-08-14 19:30,191.1485
2024-08-15 04:00,191.1947
2024-08-15 04:30,191.2457
2024-08-15 05:00,191.2938
2024-08-15 05:30,191.3437
2024-08-15 06:00,191.3965
2024-08-15 06:30,191.4347
2024-08-15 07:00,191.4753
2024-08-15 07:30,191.5139
2024-08-15 08:00,191.5634
2024-08-15 08:30,191.6153
2024-08-15 09:00,191.6599
2024-08-15 09:30,191.7198
2024-08-15 10:00,191.7757
2024-08-15 10:30,191.8207
2024-08-15 11:00,191.8672
2024-08-15 11:30,191.9207
2024-08-15 12:00,191.981
2024-08-15 12:30,192.03
2024-08-15 13:00,192.0728
2024-08-15 13:30,192.1184
2024-08-15 14:00,192.1554
2024-08-15 14:30,192.1934
2024-08-15 15:00,192.2344
2024-08-15 15:30,192.2826
2024-08-15 16:00,192.349
2024-08-15 16:30,192.4249
2024-08-15 17:00,192.4809
2024-08-15 17:30,192.5131
2024-08-15 18:00,192.5491
2024-08-15 18:30,192.5952
2024-08-15 19:00,192.6422
2024-08-15 19:30,192.6804
2024-08-16 04:00,192.7302
2024-08-16 04:30,192.7746
2024-08-16 05:00,192.8156
2024-08-16 05:30,192.8586
2024-08-16 06:00,192.9007
2024-08-16 06:30,192.9367
2024-08-16 07:00,192.9791
2024-08-16 07:30,193.0204
2024-08-16 08:00,193.0451
2024-08-16 08:30,193.0669
2024-08-16 09:00,193.0874
2024-08-16 09:30,193.0994
2024-08-16 10:00,193.1222
2024-08-16 10:30,193.1466
2024-08-16 11:00,193.1751
2024-08-16 11:30,193.2051
2024-08-16 12:00,193.2418
2024-08-16 12:30,193.2725
2024-08-16 13:00,193.3078
2024-08-16 13:30,193.3406
2024-08-16 14:00,193.3739
2024-08-16 14:30,193.4148
2024-08-16 15:00,193.4504
2024-08-16 15:30,193.4763
2024-08-16 16:00,193.5026
2024-08-16 16:30,193.5211
2024-08-16 17:00,193.5393
2024-08-16 17:30,193.5626
2024-08-16 18:00,193.5894
2024-08-16 18:30,193.6064
2024-08-16 19:00,193.6284
2024-08-16 19:30,193.6449
2024-08-19 04:00,193.6596
2024-08-19 04:30,193.6799
2024-08-19 05:00,193.6936
2024-08-19 05:30,193.7118
2024-08-19 06:00,193.7343
2024-08-19 06:30,193.7493
2024-08-19 07:00,193.7663
2024-08-19 07:30,193.7728
2024-08-19 08:00,193.7748
2024-08-19 08:30,193.7717
2024-08-19 09:00,193.7763
2024-08-19 09:30,193.7908
2024-08-19 10:00,193.8015
2024-08-19 10:30,193.8265
2024-08-19 11:00,193.8463
2024-08-19 11:30,193.8568
2024-08-19 12:00,193.881
2024-08-19 12:30,193.9032
2024-08-19 13:00,193.9203
2024-08-19 13:30,193.9393
2024-08-19 14:00,193.9587
2024-08-19 14:30,193.9752
2024-08-19 15:00,193.9833
2024-08-19 15:30,194.004
2024-08-19 16:00,194.0171
2024-08-19 16:30,194.0388
2024-08-19 17:00,194.0406
2024-08-19 17:30,194.0535
2024-08-19 18:00,194.0586
2024-08-19 18:30,194.0663
2024-08-19 19:00,194.0778
2024-08-19 19:30,194.082
2024-08-20 04:00,194.1005
2024-08-20 04:30,194.1176
2024-08-20 05:00,194.137
2024-08-20 05:30,194.151
2024-08-20 06:00,194.1695
2024-08-20 06:30,194.1958
2024-08-20 07:00,194.2163
2024-08-20 07:30,194.233
2024-08-20 08:00,194.2451
2024-08-20 08:30,194.2579
2024-08-20 09:00,194.2602
2024-08-20 09:30,194.2702
2024-08-20 10:00,194.2825
2024-08-20 10:30,194.2925
2024-08-20 11:00,194.3052
2024-08-20 11:30,194.3253
2024-08-20 12:00,194.3498
2024-08-20 12:30,194.3712
2024-08-20 13:00,194.4012
2024-08-20 13:30,194.4248
2024-08-20 14:00,194.4563
2024-08-20 14:30,194.495
2024-08-20 15:00,194.5353
2024-08-20 15:30,194.5795
2024-08-20 16:00,194.6184
2024-08-20 16:30,194.6638
2024-08-20 17:00,194.7005
2024-08-20 17:30,194.7421
2024-08-20 18:00,194.783
2024-08-20 18:30,194.8238
2024-08-20 19:00,194.8641
2024-08-20 19:30,194.901
2024-08-21 04:00,194.935
2024-08-21 04:30,194.9681
2024-08-21 05:00,195.0011
2024-08-21 05:30,195.0341
2024-08-21 06:00,195.0703
2024-08-21 06:30,195.108
2024-08-21 07:00,195.1425
2024-08-21 07:30,195.1623
2024-08-21 08:00,195.1838
2024-08-21 08:30,195.1944
2024-08-21 09:00,195.2135
2024-08-21 09:30,195.2243
2024-08-21 10:00,195.2236
2024-08-21 10:30,195.2137
2024-08-21 11:00,195.2111
2024-08-21 11:30,195.2091
2024-08-21 12:00,195.2149
2024-08-21 12:30,195.2255
2024-08-21 13:00,195.2509
2024-08-21 13:30,195.2787
2024-08-21 14:00,195.3091
2024-08-21 14:30,195.3401
2024-08-21 15:00,195.3804
2024-08-21 15:30,195.4209
2024-08-21 16:00,195.4693
2024-08-21 16:30,195.5161
2024-08-21 17:00,195.5604
2024-08-21 17:30,195.6029
2024-08-21 18:00,195.6428
2024-08-21 18:30,195.6844
2024-08-21 19:00,195.7241
2024-08-21 19:30,195.7713
2024-08-22 04:00,195.8161
2024-08-22 04:30,195.8664
2024-08-22 05:00,195.9153
2024-08-22 05:30,195.9674
2024-08-22 06:00,196.0184
2024-08-22 06:30,196.0656
2024-08-22 07:00,196.1208
2024-08-22 07:30,196.1689
2024-08-22 08:00,196.2093
2024-08-22 08:30,196.2492
2024-08-22 09:00,196.2865
2024-08-22 09:30,196.3235
2024-08-22 10:00,196.3588
2024-08-22 10:30,196.3948
2024-08-22 11:00,196.4101
2024-08-22 11:30,196.4331
2024-08-22 12:00,196.457
2024-08-22 12:30,196.4673
2024-08-22 13:00,196.475
2024-08-22 13:30,196.4681
2024-08-22 14:00,196.4697
2024-08-22 14:30,196.467
2024-08-22 15:00,196.4663
2024-08-22 15:30,196.4662
2024-08-22 16:00,196.4657
2024-08-22 16:30,196.474
2024-08-22 17:00,196.4825
2024-08-22 17:30,196.4822
2024-08-22 18:00,196.4848
2024-08-22 18:30,196.4882
2024-08-22 19:00,196.4937
2024-08-22 19:30,196.4935
2024-08-23 04:00,196.5037
2024-08-23 04:30,196.5277
2024-08-23 05:00,196.5452
2024-08-23 05:30,196.567
2024-08-23 06:00,196.5763
2024-08-23 06:30,196.589
2024-08-23 07:00,196.6042
2024-08-23 07:30,196.6329
2024-08-23 08:00,196.6469
2024-08-23 08:30,196.6728
2024-08-23 09:00,196.7071
2024-08-23 09:30,196.7303
2024-08-23 10:00,196.7591
2024-08-23 10:30,196.7686
2024-08-23 11:00,196.7738
2024-08-23 11:30,196.7638
2024-08-23 12:00,196.7338
2024-08-23 12:30,196.7148
2024-08-23 13:00,196.6994
2024-08-23 13:30,196.6804
2024-08-23 14:00,196.6613
2024-08-23 14:30,196.6419
2024-08-23 15:00,196.6246
2024-08-23 15:30,196.6096
2024-08-23 16:00,196.5911
2024-08-23 16:30,196.5723
2024-08-23 17:00,196.5593
2024-08-23 17:30,196.5383
2024-08-23 18:00,196.5193
2024-08-23 18:30,196.4976
2024-08-23 19:00,196.4799
2024-08-23 19:30,196.4587
2024-08-26 04:00,196.4407
2024-08-26 04:30,196.4221
2024-08-26 05:00,196.3999
2024-08-26 05:30,196.3766
2024-08-26 06:00,196.3532
2024-08-26 06:30,196.3284
2024-08-26 07:00,196.3074
2024-08-26 07:30,196.2766
2024-08-26 08:00,196.2494
2024-08-26 08:30,196.2212
2024-08-26 09:00,196.2124
2024-08-26 09:30,196.2179
2024-08-26 10:00,196.2312
2024-08-26 10:30,196.2471
2024-08-26 11:00,196.2575
2024-08-26 11:30,196.2816
2024-08-26 12:00,196.299
2024-08-26 12:30,196.3233
2024-08-26 13:00,196.3556
2024-08-26 13:30,196.384
2024-08-26 14:00,196.4181
2024-08-26 14:30,196.4466
2024-08-26 15:00,196.4742
2024-08-26 15:30,196.5077
2024-08-26 16:00,196.5374
2024-08-26 16:30,196.5665
2024-08-26 17:00,196.5927
2024-08-26 17:30,196.6245
2024-08-26 18:00,196.6464
2024-08-26 18:30,196.6582
2024-08-26 19:00,196.6664
2024-08-26 19:30,196.6822
2024-08-27 04:00,196.7144
2024-08-27 04:30,196.7457
2024-08-27 05:30,196.7714
2024-08-27 06:00,196.793
2024-08-27 06:30,196.8287
2024-08-27 07:00,196.8567
2024-08-27 07:30,196.8672
2024-08-27 08:00,196.8935
2024-08-27 08:30,196.9037
2024-08-27 09:00,196.9198
2024-08-27 09:30,196.9467
2024-08-27 10:00,196.9953
2024-08-27 10:30,197.0556
2024-08-27 11:00,197.1021
2024-08-27 11:30,197.1491
2024-08-27 12:00,197.1953
2024-08-27 12:30,197.241
2024-08-27 13:00,197.2868
2024-08-27 13:30,197.3313
2024-08-27 14:00,197.3796
2024-08-27 14:30,197.4331
2024-08-27 15:00,197.4784
2024-08-27 15:30,197.5174
2024-08-27 16:00,197.5742
2024-08-27 16:30,197.6204
2024-08-27 17:00,197.6654
2024-08-27 17:30,197.7071
2024-08-27 18:00,197.7486
2024-08-27 18:30,197.7849
2024-08-27 19:00,197.8254
2024-08-27 19:30,197.871
2024-08-28 04:00,197.915
2024-08-28 04:30,197.962
2024-08-28 05:00,198.01
2024-08-28 05:30,198.0635
2024-08-28 06:30,198.1167
2024-08-28 07:00,198.1657
2024-08-28 07:30,198.2152
2024-08-28 08:00,198.2587
2024-08-28 08:30,198.2887
2024-08-28 09:00,198.2975
2024-08-28 09:30,198.3362
2024-08-28 10:00,198.3806
2024-08-28 10:30,198.4204
2024-08-28 11:00,198.4533
2024-08-28 11:30,198.4758
2024-08-28 12:00,198.4887
2024-08-28 12:30,198.5069
2024-08-28 13:00,198.515
2024-08-28 13:30,198.508
2024-08-28 14:00,198.5013
2024-08-28 14:30,198.5105
2024-08-28 15:00,198.522
2024-08-28 15:30,198.5312
2024-08-28 16:00,198.5337
2024-08-28 16:30,198.5362
2024-08-28 17:00,198.5437
2024-08-28 17:30,198.558
2024-08-28 18:00,198.583
2024-08-28 18:30,198.5864
2024-08-28 19:00,198.5752
2024-08-28 19:30,198.573
2024-08-29 04:00,198.5954
2024-08-29 04:30,198.6025
2024-08-29 05:00,198.6127
2024-08-29 06:00,198.6412
2024-08-29 06:30,198.6752
2024-08-29 07:00,198.6989
2024-08-29 07:30,198.728
2024-08-29 08:00,198.7602
2024-08-29 08:30,198.7771
2024-08-29 09:00,198.7825
2024-08-29 09:30,198.7957
2024-08-29 10:00,198.815
2024-08-29 10:30,198.8246
2024-08-29 11:00,198.8435
2024-08-29 11:30,198.8567
2024-08-29 12:00,198.8759
2024-08-29 12:30,198.9094
2024-08-29 13:00,198.9349
2024-08-29 13:30,198.9613
2024-08-29 14:00,198.9837
2024-08-29 14:30,198.9965
2024-08-29 15:00,198.998
2024-08-29 15:30,198.9995
2024-08-29 16:00,199.0014
2024-08-29 16:30,199.009
2024-08-29 17:00,199.014
2024-08-29 17:30,199.0286
2024-08-29 18:00,199.0334
2024-08-29 18:30,199.0396
2024-08-29 19:00,199.0464
2024-08-29 19:30,199.0561
2024-08-30 04:00,199.0697
2024-08-30 04:30,199.0749
2024-08-30 05:00,199.0787
2024-08-30 06:00,199.0869
2024-08-30 06:30,199.0887
2024-08-30 07:00,199.1019
2024-08-30 07:30,199.1172
2024-08-30 08:00,199.1334
2024-08-30 08:30,199.1308
2024-08-30 09:00,199.1198
2024-08-30 09:30,199.1248
2024-08-30 10:00,199.1328
2024-08-30 10:30,199.1414
2024-08-30 11:00,199.1498
2024-08-30 11:30,199.1542
2024-08-30 12:00,199.1632
2024-08-30 12:30,199.1922
2024-08-30 13:00,199.2274
2024-08-30 13:30,199.2495
2024-08-30 14:00,199.2794
2024-08-30 14:30,199.317
2024-08-30 15:00,199.3707
2024-08-30 15:30,199.4377
2024-08-30 16:00,199.4989
2024-08-30 16:30,199.552
2024-08-30 17:00,199.6086
2024-08-30 17:30,199.6834
2024-08-30 18:00,199.7632
2024-08-30 18:30,199.8274
2024-08-30 19:00,199.8705
2024-08-30 19:30,199.9329
2024-09-04 18:00,202.1776
2024-09-04 18:30,202.2059
2024-09-04 19:00,202.2344
2024-09-04 19:30,202.2633
2024-09-05 04:00,202.2991
2024-09-05 04:30,202.3329
2024-09-05 05:00,202.3633
2024-09-05 05:30,202.4024
2024-09-05 06:00,202.4404
2024-09-05 06:30,202.4834
2024-09-05 07:00,202.5279
2024-09-05 07:30,202.5561
2024-09-05 08:00,202.5388
2024-09-05 08:30,202.5551
2024-09-05 09:00,202.5743
2024-09-05 09:30,202.5778
2024-09-05 10:00,202.5974
2024-09-05 10:30,202.5979
2024-09-05 11:00,202.5813
2024-09-05 11:30,202.5664
2024-09-05 12:00,202.5692
2024-09-05 12:30,202.5856
2024-09-05 13:00,202.6108
2024-09-05 13:30,202.6398
2024-09-05 14:00,202.6648
2024-09-05 14:30,202.6985
2024-09-05 15:00,202.7221
2024-09-05 15:30,202.7446
2024-09-05 16:00,202.7586
2024-09-05 16:30,202.7728
2024-09-05 17:00,202.799
2024-09-05 17:30,202.815
2024-09-05 18:00,202.8418
2024-09-05 18:30,202.8668
2024-09-05 19:00,202.9031
2024-09-05 19:30,202.9328
2024-09-06 04:00,202.9395
2024-09-06 04:30,202.9535
2024-09-06 05:30,202.9635
2024-09-06 06:00,202.9765
2024-09-06 06:30,202.9878
2024-09-06 07:00,203.0045
2024-09-06 07:30,203.0095
2024-09-06 08:00,203.0145
2024-09-06 08:30,203.0016
2024-09-06 09:00,202.9836
2024-09-06 09:30,202.9821
2024-09-06 10:00,202.9627
2024-09-06 10:30,202.9197
2024-09-06 11:00,202.8754
2024-09-06 11:30,202.8377
2024-09-06 12:00,202.7835
2024-09-06 12:30,202.724
2024-09-06 13:00,202.6781
2024-09-06 13:30,202.6272
2024-09-06 14:00,202.564
2024-09-06 14:30,202.504
2024-09-06 15:00,202.4444
2024-09-06 15:30,202.391
2024-09-06 16:00,202.334
2024-09-06 16:30,202.258
2024-09-06 17:00,202.1847
2024-09-06 17:30,202.1014
2024-09-06 18:00,202.0297
2024-09-06 18:30,201.9569
2024-09-06 19:00,201.8869
2024-09-06 19:30,201.8302
2024-09-09 04:00,201.7739
2024-09-09 04:30,201.7172
2024-09-09 05:00,201.6849
2024-09-09 05:30,201.6452
2024-09-09 06:00,201.6179
2024-09-09 07:00,201.584
2024-09-09 07:30,201.5372
2024-09-09 08:00,201.4937
2024-09-09 08:30,201.4572
2024-09-09 09:00,201.4192
2024-09-09 09:30,201.4208
2024-09-09 10:00,201.4394
2024-09-09 10:30,201.4582
2024-09-09 11:00,201.4793
2024-09-09 11:30,201.5141
2024-09-09 12:00,201.5534
2024-09-09 12:30,201.583
2024-09-09 13:00,201.6103
2024-09-09 13:30,201.6213
2024-09-09 14:00,201.6297
2024-09-09 14:30,201.645
2024-09-09 15:00,201.6618
2024-09-09 15:30,201.6858
2024-09-09 16:00,201.7015
2024-09-09 16:30,201.726
2024-09-09 17:00,201.743
2024-09-09 17:30,201.7611
2024-09-09 18:00,201.7738
2024-09-09 18:30,201.7878
2024-09-09 19:00,201.831
2024-09-09 19:30,201.8655
2024-09-10 04:00,201.9026
2024-09-10 04:30,201.9398
2024-09-10 05:00,201.9778
2024-09-10 05:30,202.0083
2024-09-10 06:00,202.0421
2024-09-10 06:30,202.0573
2024-09-10 07:00,202.0933
2024-09-10 07:30,202.1088
2024-09-10 08:00,202.1241
2024-09-10 08:30,202.1525
2024-09-10 09:00,202.2141
2024-09-10 09:30,202.2801
2024-09-10 10:00,202.3402
2024-09-10 10:30,202.4171
2024-09-10 11:00,202.4955
2024-09-10 11:30,202.5363
2024-09-10 12:00,202.5795
2024-09-10 12:30,202.6309
2024-09-10 13:00,202.6943
2024-09-10 13:30,202.7491
2024-09-10 14:00,202.8126
2024-09-10 14:30,202.8827
2024-09-10 15:00,202.9759
2024-09-10 15:30,203.0711
2024-09-10 16:00,203.1677
2024-09-10 16:30,203.2614
2024-09-10 17:00,203.3444
2024-09-10 17:30,203.4307
2024-09-10 18:00,203.5129
2024-09-10 18:30,203.5849
2024-09-10 19:00,203.6567
2024-09-11 04:00,203.6997
2024-09-11 04:30,203.751
2024-09-11 05:00,203.8004
2024-09-11 05:30,203.8569
2024-09-11 06:00,203.9314
2024-09-11 06:30,204.0044
2024-09-11 07:00,204.0804
2024-09-11 07:30,204.1615
2024-09-11 08:00,204.2327
2024-09-11 08:30,204.2994
2024-09-11 09:00,204.3952
2024-09-11 09:30,204.4062
2024-09-11 10:00,204.3959
2024-09-11 10:30,204.3932
2024-09-11 11:00,204.4005
2024-09-11 11:30,204.4205
2024-09-11 12:00,204.4657
2024-09-11 12:30,204.5265
2024-09-11 13:00,204.5829
2024-09-11 13:30,204.6569
2024-09-11 14:00,204.732
2024-09-11 14:30,204.8152
2024-09-11 15:00,204.9072
2024-09-11 15:30,205.0105
2024-09-11 16:00,205.1125
2024-09-11 16:30,205.2254
2024-09-11 17:00,205.34
2024-09-11 17:30,205.4414
2024-09-11 18:00,205.5519
2024-09-11 18:30,205.6554
2024-09-11 19:00,205.7589
2024-09-11 19:30,205.8654
2024-09-12 04:00,205.9814
2024-09-12 04:30,206.0951
2024-09-12 05:00,206.1992
2024-09-12 05:30,206.2857
2024-09-12 06:00,206.3959
2024-09-12 06:30,206.4886
2024-09-12 07:00,206.5851
2024-09-12 07:30,206.6686
2024-09-12 08:00,206.7485
2024-09-12 08:30,206.8282
2024-09-12 09:00,206.9185
2024-09-12 09:30,207.0027
2024-09-12 10:00,207.1204
2024-09-12 10:30,207.2307
2024-09-12 11:00,207.3409
2024-09-12 11:30,207.4416
2024-09-12 12:00,207.5509
2024-09-12 12:30,207.6659
2024-09-12 13:00,207.7867
2024-09-12 13:30,207.9031
2024-09-12 14:00,208.0176
2024-09-12 14:30,208.1251
2024-09-12 15:00,208.2396
2024-09-12 15:30,208.3499
2024-09-12 16:00,208.4563
2024-09-12 16:30,208.5579
2024-09-12 17:00,208.6639
2024-09-12 17:30,208.7719
2024-09-12 18:00,208.8904
2024-09-12 18:30,209.0106
2024-09-12 19:00,209.1229
2024-09-12 19:30,209.2364
2024-09-13 04:00,209.3449
2024-09-13 04:30,209.4503
2024-09-13 05:00,209.5568
2024-09-13 05:30,209.6603
2024-09-13 06:00,209.7503
2024-09-13 06:30,209.8399
2024-09-13 07:00,209.9019
2024-09-13 07:30,210.0361
2024-09-13 08:00,210.1807
2024-09-13 08:30,210.3062
2024-09-13 09:00,210.4247
2024-09-13 09:30,210.5692
2024-09-13 10:00,210.7068
2024-09-13 10:30,210.8333
2024-09-13 11:00,210.9714
2024-09-13 11:30,211.1045
2024-09-13 12:00,211.2207
2024-09-13 12:30,211.3265
2024-09-13 13:00,211.4232
2024-09-13 13:30,211.519
2024-09-13 14:00,211.6101
2024-09-13 14:30,211.6811
2024-09-13 15:00,211.7529
2024-09-13 15:30,211.8384
2024-09-13 16:00,211.9263
2024-09-13 16:30,212.0106
2024-09-13 17:00,212.0909
2024-09-13 17:30,212.1688
2024-09-13 18:00,212.2454
2024-09-13 18:30,212.3226
2024-09-13 19:00,212.4064
2024-09-13 19:30,212.4901
2024-09-16 04:00,212.5867
2024-09-16 04:30,212.6731
2024-09-16 05:00,212.7702
2024-09-16 05:30,212.8604
2024-09-16 06:00,212.9472
2024-09-16 06:30,213.0409
2024-09-16 07:00,213.1167
2024-09-16 07:30,213.1986
2024-09-16 08:00,213.2768
2024-09-16 08:30,213.3708
2024-09-16 09:00,213.469
2024-09-16 09:30,213.5951
2024-09-16 10:00,213.6937
2024-09-16 10:30,213.7774
2024-09-16 11:00,213.8559
2024-09-16 11:30,213.9478
2024-09-16 12:00,214.0383
2024-09-16 12:30,214.1325
2024-09-16 13:00,214.2195
2024-09-16 13:30,214.3169
2024-09-16 14:00,214.4139
2024-09-16 14:30,214.5064
2024-09-16 15:00,214.5923
2024-09-16 15:30,214.6818
2024-09-16 16:00,214.7713
2024-09-16 16:30,214.8647
2024-09-16 17:00,214.9592
2024-09-16 17:30,215.0498
2024-09-16 18:00,215.1413
2024-09-16 18:30,215.2295
2024-09-16 19:00,215.3173
2024-09-16 19:30,215.4002
2024-09-17 04:00,215.4918
2024-09-17 04:30,215.5853
2024-09-17 05:00,215.6723
2024-09-17 05:30,215.763
2024-09-17 06:00,215.8463
2024-09-17 06:30,215.933
2024-09-17 07:00,216.0143
2024-09-17 07:30,216.067
2024-09-17 08:00,216.1117
2024-09-17 08:30,216.162
2024-09-17 09:00,216.1852
2024-09-17 09:30,216.1989
2024-09-17 10:00,216.1947
2024-09-17 10:30,216.1771
2024-09-17 11:00,216.1633
2024-09-17 11:30,216.1326
2024-09-17 12:00,216.1078
2024-09-17 12:30,216.0867
2024-09-17 13:00,216.0702
2024-09-17 13:30,216.0574
2024-09-17 14:00,216.0418
2024-09-17 14:30,216.031
2024-09-17 15:00,216.0195
2024-09-17 15:30,216.0121
2024-09-17 16:00,216.0035
2024-09-17 16:30,215.9927
2024-09-17 17:00,215.9814
2024-09-17 17:30,215.9724
2024-09-17 18:00,215.9512
2024-09-17 18:30,215.9387
2024-09-17 19:00,215.9172
2024-09-17 19:30,215.9055
2024-09-18 04:00,215.8957
2024-09-18 04:30,215.8944
2024-09-18 05:00,215.8954
2024-09-18 05:30,215.8972
2024-09-18 06:00,215.8959
2024-09-18 06:30,215.8912
2024-09-18 07:00,215.8614
2024-09-18 07:30,215.8004
2024-09-18 08:00,215.7626
2024-09-18 08:30,215.7184
2024-09-18 09:00,215.6774
2024-09-18 09:30,215.6219
2024-09-18 10:00,215.5642
2024-09-18 10:30,215.5036
2024-09-18 11:00,215.4543
2024-09-18 11:30,215.3965
2024-09-18 12:00,215.3527
2024-09-18 12:30,215.3185
2024-09-18 13:00,215.2915
2024-09-18 13:30,215.255
2024-09-18 14:00,215.2348
2024-09-18 14:30,215.2039
2024-09-18 15:00,215.1873
2024-09-18 15:30,215.1501
2024-09-18 16:00,215.1119
2024-09-18 16:30,215.0838
2024-09-18 17:00,215.0628
2024-09-18 17:30,215.0249
2024-09-18 18:00,214.9876
2024-09-18 18:30,214.9473
2024-09-18 19:00,214.9103
2024-09-18 19:30,214.8824
2024-09-19 04:00,214.8674
2024-09-19 04:30,214.8529
2024-09-19 05:00,214.8443
2024-09-19 05:30,214.8311
2024-09-19 06:00,214.8211
2024-09-19 06:30,214.8084
2024-09-19 07:00,214.8088
2024-09-19 07:30,214.8189
2024-09-19 08:00,214.8557
2024-09-19 08:30,214.8964
2024-09-19 09:00,214.962
2024-09-19 09:30,214.9787
2024-09-19 10:00,214.9629
2024-09-19 10:30,214.9459
2024-09-19 11:00,214.8987
2024-09-19 11:30,214.8536
2024-09-19 12:00,214.8242
2024-09-19 12:30,214.8024
2024-09-19 13:00,214.7864
2024-09-19 13:30,214.7735
2024-09-19 14:00,214.7529
2024-09-19 14:30,214.7404
2024-09-19 15:00,214.7328
2024-09-19 15:30,214.7288
2024-09-19 16:00,214.6983
2024-09-19 16:30,214.6908
2024-09-19 17:00,214.6873
2024-09-19 17:30,214.6754
2024-09-19 18:00,214.6653
2024-09-19 18:30,214.6504
2024-09-19 19:00,214.6376
2024-09-19 19:30,214.6191
2024-09-20 04:00,214.6046
2024-09-20 04:30,214.5814
2024-09-20 05:00,214.5764
2024-09-20 05:30,214.5726
2024-09-20 06:00,214.5631
2024-09-20 06:30,214.5621
2024-09-20 07:00,214.5479
2024-09-20 07:30,214.5349
2024-09-20 08:00,214.5244
2024-09-20 08:30,214.5269
2024-09-20 09:00,214.5391
2024-09-20 09:30,214.5496
2024-09-20 10:00,214.5551
2024-09-20 10:30,214.5554
2024-09-20 11:00,214.5593
2024-09-20 11:30,214.5778
2024-09-20 12:00,214.5853
2024-09-20 12:30,214.5943
2024-09-20 13:00,214.5996
2024-09-20 13:30,214.6301
2024-09-20 14:00,214.6618
2024-09-20 14:30,214.6913
2024-09-20 15:00,214.7049
2024-09-20 15:30,214.7486
2024-09-20 16:00,214.7593
2024-09-20 16:30,214.8028
2024-09-20 17:00,214.8407
2024-09-20 17:30,214.8696
2024-09-20 18:00,214.8863
2024-09-20 18:30,214.9054
2024-09-20 19:00,214.9196
2024-09-20 19:30,214.9357
2024-09-23 04:00,214.9437
2024-09-23 04:30,214.9489
2024-09-23 05:00,214.9605
2024-09-23 05:30,214.9675
2024-09-23 06:00,214.9762
2024-09-23 06:30,215.0004
2024-09-23 07:00,214.9909
2024-09-23 07:30,215.0402
2024-09-23 08:00,215.1142
2024-09-23 08:30,215.1945
2024-09-23 09:00,215.3117
2024-09-23 09:30,215.412
2024-09-23 10:00,215.5109
2024-09-23 10:30,215.6164
2024-09-23 11:00,215.7315
2024-09-23 11:30,215.8216
2024-09-23 12:00,215.9206
2024-09-23 12:30,216.025
2024-09-23 13:00,216.1256
2024-09-23 13:30,216.228
2024-09-23 14:00,216.3524
2024-09-23 14:30,216.4604
2024-09-23 15:00,216.5652
2024-09-23 15:30,216.681
2024-09-23 16:00,216.794
2024-09-23 16:30,216.904
2024-09-23 17:00,217.0119
2024-09-23 17:30,217.1254
2024-09-23 18:00,217.2352
2024-09-23 18:30,217.3507
2024-09-23 19:00,217.4608
2024-09-23 19:30,217.5698
2024-09-24 04:00,217.6886
2024-09-24 04:30,217.8075
2024-09-24 05:00,217.9318
2024-09-24 05:30,218.0558
2024-09-24 06:00,218.1755
2024-09-24 06:30,218.2875
2024-09-24 07:00,218.3763
2024-09-24 07:30,218.4761
2024-09-24 08:00,218.5581
2024-09-24 08:30,218.642
2024-09-24 09:00,218.7146
2024-09-24 09:30,218.763
2024-09-24 10:00,218.8205
2024-09-24 10:30,218.9014
2024-09-24 11:00,218.971
2024-09-24 11:30,219.0312
2024-09-24 12:00,219.0841
2024-09-24 12:30,219.1409
2024-09-24 13:00,219.2009
2024-09-24 13:30,219.2465
2024-09-24 14:00,219.3058
2024-09-24 14:30,219.346
2024-09-24 15:00,219.3915
2024-09-24 15:30,219.4515
2024-09-24 16:00,219.4948
2024-09-24 16:30,219.5515
2024-09-24 17:00,219.6081
2024-09-24 17:30,219.6629
2024-09-24 18:00,219.7279
2024-09-24 18:30,219.796
2024-09-24 19:00,219.8577
2024-09-24 19:30,219.9195
2024-09-25 04:00,219.9629
2024-09-25 04:30,220.0087
2024-09-25 05:00,220.0569
2024-09-25 05:30,220.1099
2024-09-25 06:00,220.1687
2024-09-25 06:30,220.2315
2024-09-25 07:00,220.2797
2024-09-25 07:30,220.3384
2024-09-25 08:00,220.3717
2024-09-25 08:30,220.4035
2024-09-25 09:00,220.4233
2024-09-25 09:30,220.448
2024-09-25 10:00,220.487
2024-09-25 10:30,220.5187
2024-09-25 11:00,220.5442
2024-09-25 11:30,220.5687
2024-09-25 12:00,220.5884
2024-09-25 12:30,220.6029
2024-09-25 13:00,220.6185
2024-09-25 13:30,220.6337
2024-09-25 14:00,220.6473
2024-09-25 14:30,220.662
2024-09-25 15:00,220.6771
2024-09-25 15:30,220.6926
2024-09-25 16:00,220.7061
2024-09-25 16:30,220.7196
2024-09-25 17:00,220.7361
2024-09-25 17:30,220.7532
2024-09-25 18:00,220.7567
2024-09-25 18:30,220.76
2024-09-25 19:00,220.763
2024-09-25 19:30,220.7705
2024-09-26 04:00,220.7839
2024-09-26 04:30,220.7987
2024-09-26 05:00,220.8187
2024-09-26 05:30,220.8349
2024-09-26 06:00,220.8632
2024-09-26 06:30,220.9147
2024-09-26 07:00,220.961
2024-09-26 07:30,221.0113
2024-09-26 08:00,221.0527
2024-09-26 08:30,221.0706
2024-09-26 09:00,221.0831
2024-09-26 09:30,221.1091
2024-09-26 10:00,221.143
2024-09-26 10:30,221.1822
2024-09-26 11:00,221.2215
2024-09-26 11:30,221.2727
2024-09-26 12:00,221.3317
2024-09-26 12:30,221.3767
2024-09-26 13:00,221.4142
2024-09-26 13:30,221.4392
2024-09-26 14:00,221.4892
2024-09-26 14:30,221.5256
2024-09-26 15:00,221.5653
2024-09-26 15:30,221.6075
2024-09-26 16:00,221.649
2024-09-26 16:30,221.69
2024-09-26 17:00,221.7332
2024-09-26 17:30,221.7713
2024-09-26 18:00,221.8327
2024-09-26 18:30,221.8882
2024-09-26 19:00,221.942
2024-09-26 19:30,221.9912
2024-09-27 04:00,222.0365
2024-09-27 04:30,222.0697
2024-09-27 05:00,222.105
2024-09-27 05:30,222.141
2024-09-27 06:00,222.1863
2024-09-27 06:30,222.2218
2024-09-27 07:00,222.2618
2024-09-27 07:30,222.3129
2024-09-27 08:00,222.3457
2024-09-27 08:30,222.3799
2024-09-27 09:00,222.4064
2024-09-27 09:30,222.4221
2024-09-27 10:00,222.4685
2024-09-27 10:30,222.5114
2024-09-27 11:00,222.5421
2024-09-27 11:30,222.5625
2024-09-27 12:00,222.5806
2024-09-27 12:30,222.5931
2024-09-27 13:00,222.6054
2024-09-27 13:30,222.6248
2024-09-27 14:00,222.6376
2024-09-27 14:30,222.6466
2024-09-27 15:00,222.6478
2024-09-27 15:30,222.636
2024-09-27 16:00,222.6225
2024-09-27 16:30,222.6098
2024-09-27 17:00,222.5968
2024-09-27 17:30,222.5818
2024-09-27 18:00,222.5651
2024-09-27 18:30,222.548
2024-09-27 19:00,222.5277
2024-09-27 19:30,222.5092
2024-09-30 04:00,222.4942
2024-09-30 04:30,222.4497
2024-09-30 05:00,222.4217
2024-09-30 05:30,222.3989
2024-09-30 06:00,222.3794
2024-09-30 06:30,222.3562
2024-09-30 07:00,222.3374
2024-09-30 07:30,222.319
2024-09-30 08:00,222.284
2024-09-30 08:30,222.2391
2024-09-30 09:00,222.2012
2024-09-30 09:30,222.153
2024-09-30 10:00,222.1218
2024-09-30 10:30,222.0888
2024-09-30 11:00,222.0576
2024-09-30 11:30,222.0203
2024-09-30 12:00,221.969
2024-09-30 12:30,221.919
2024-09-30 13:00,221.8624
2024-09-30 13:30,221.8032
2024-09-30 14:00,221.7352
2024-09-30 14:30,221.6703
2024-09-30 15:00,221.6072
2024-09-30 15:30,221.5682
2024-09-30 16:00,221.5342
2024-09-30 16:30,221.4887
2024-09-30 17:00,221.4468
2024-09-30 17:30,221.3872
2024-09-30 18:00,221.348
2024-09-30 18:30,221.3078
2024-09-30 19:00,221.2757
2024-09-30 19:30,221.2318
2024-10-02 17:30,219.1482
2024-10-02 18:00,219.1372
2024-10-02 18:30,219.1198
2024-10-02 19:00,219.1108
2024-10-02 19:30,219.0983
2024-10-03 04:00,219.0787
2024-10-03 04:30,219.058
2024-10-03 05:00,219.0368
2024-10-03 05:30,219.0014
2024-10-03 06:00,218.966
2024-10-03 06:30,218.9464
2024-10-03 07:00,218.9243
2024-10-03 07:30,218.9211
2024-10-03 08:00,218.9246
2024-10-03 08:30,218.9223
2024-10-03 09:00,218.9287
2024-10-03 09:30,218.9513
2024-10-03 10:00,218.9847
2024-10-03 10:30,219.0317
2024-10-03 11:00,219.0914
2024-10-03 11:30,219.1363
2024-10-03 12:00,219.1835
2024-10-03 12:30,219.2208
2024-10-03 13:00,219.2414
2024-10-03 13:30,219.2734
2024-10-03 14:00,219.3007
2024-10-03 14:30,219.3312
2024-10-03 15:00,219.3761
2024-10-03 15:30,219.4246
2024-10-03 16:00,219.5054
2024-10-03 16:30,219.5572
2024-10-03 17:00,219.6192
2024-10-03 17:30,219.6823
2024-10-03 18:00,219.7452
2024-10-03 18:30,219.8002
2024-10-03 19:00,219.8738
2024-10-03 19:30,219.949
2024-10-04 04:00,220.0395
2024-10-04 04:30,220.1122
2024-10-04 05:00,220.1978
2024-10-04 05:30,220.2752
2024-10-04 06:00,220.3563
2024-10-04 06:30,220.4332
2024-10-04 07:00,220.5162
2024-10-04 07:30,220.5938
2024-10-04 08:00,220.6488
2024-10-04 08:30,220.7107
2024-10-04 09:00,220.7922
2024-10-04 09:30,220.8723
2024-10-04 10:00,220.9576
2024-10-04 10:30,221.0443
2024-10-04 11:00,221.1362
2024-10-04 11:30,221.2241
2024-10-04 12:00,221.3086
2024-10-04 12:30,221.3889
2024-10-04 13:00,221.4673
2024-10-04 13:30,221.5503
2024-10-04 14:00,221.6289
2024-10-04 14:30,221.717
2024-10-04 15:00,221.8058
2024-10-04 15:30,221.9
2024-10-04 16:00,221.9997
2024-10-04 16:30,222.1024
2024-10-04 17:00,222.2007
2024-10-04 17:30,222.3032
2024-10-04 18:00,222.4187
2024-10-04 18:30,222.5317
2024-10-04 19:00,222.6477
2024-10-04 19:30,222.7789
2024-10-07 04:00,222.8937
2024-10-07 04:30,223.0037
2024-10-07 05:00,223.1161
2024-10-07 05:30,223.2274
2024-10-07 06:00,223.3374
2024-10-07 06:30,223.4517
2024-10-07 07:00,223.5536
2024-10-07 07:30,223.6391
2024-10-07 08:00,223.7157
2024-10-07 08:30,223.7814
2024-10-07 09:00,223.8391
2024-10-07 09:30,223.9033
2024-10-07 10:00,223.96
2024-10-07 10:30,224.0398
2024-10-07 11:00,224.1372
2024-10-07 11:30,224.227
2024-10-07 12:00,224.3257
2024-10-07 12:30,224.4259
2024-10-07 13:00,224.5221
2024-10-07 13:30,224.6011
2024-10-07 14:00,224.6722
2024-10-07 14:30,224.739
2024-10-07 15:00,224.8089
2024-10-07 15:30,224.8823
2024-10-07 16:00,224.9574
2024-10-07 16:30,225.0403
2024-10-07 17:00,225.1149
2024-10-07 17:30,225.1894
2024-10-07 18:00,225.2689
2024-10-07 18:30,225.3538
2024-10-07 19:00,225.4266
2024-10-07 19:30,225.5116
2024-10-08 04:00,225.5818
2024-10-08 04:30,225.6636
2024-10-08 05:00,225.7443
2024-10-08 05:30,225.8274
2024-10-08 06:00,225.9101
2024-10-08 06:30,225.9939
2024-10-08 07:00,226.0546
2024-10-08 07:30,226.1133
2024-10-08 08:00,226.1738
2024-10-08 08:30,226.2402
2024-10-08 09:00,226.3092
2024-10-08 09:30,226.3707
2024-10-08 10:00,226.4225
2024-10-08 10:30,226.4734
2024-10-08 11:00,226.5306
2024-10-08 11:30,226.5882
2024-10-08 12:00,226.6502
2024-10-08 12:30,226.7075
2024-10-08 13:00,226.7607
2024-10-08 13:30,226.8053
2024-10-08 14:00,226.8548
2024-10-08 14:30,226.9106
2024-10-08 15:00,226.9581
2024-10-08 15:30,227.0012
2024-10-08 16:00,227.0452
2024-10-08 16:30,227.0921
2024-10-08 17:00,227.1477
2024-10-08 17:30,227.1911
2024-10-08 18:00,227.2557
2024-10-08 18:30,227.3121
2024-10-08 19:00,227.3642
2024-10-08 19:30,227.4161
2024-10-09 04:00,227.4574
2024-10-09 04:30,227.4927
2024-10-09 05:00,227.5451
2024-10-09 05:30,227.5972
2024-10-09 06:00,227.6439
2024-10-09 06:30,227.6929
2024-10-09 07:00,227.7442
2024-10-09 07:30,227.8008
2024-10-09 08:00,227.8546
2024-10-09 08:30,227.9016
2024-10-09 09:00,227.9341
2024-10-09 09:30,228.0058
2024-10-09 10:00,228.0784
2024-10-09 10:30,228.1477
2024-10-09 11:00,228.2279
2024-10-09 11:30,228.3283
2024-10-09 12:00,228.4337
2024-10-09 12:30,228.5595
2024-10-09 13:00,228.6868
2024-10-09 13:30,228.8114
2024-10-09 14:00,228.9242
2024-10-09 14:30,229.0368
2024-10-09 15:00,229.1619
2024-10-09 15:30,229.2821
2024-10-09 16:00,229.3954
2024-10-09 16:30,229.5093
2024-10-09 17:00,229.6249
2024-10-09 17:30,229.7423
2024-10-09 18:00,229.8674
2024-10-09 18:30,229.9986
2024-10-09 19:00,230.1211
2024-10-09 19:30,230.2409
2024-10-10 04:00,230.3504
2024-10-10 04:30,230.4602
2024-10-10 05:00,230.5734
2024-10-10 05:30,230.6839
2024-10-10 06:00,230.7902
2024-10-10 06:30,230.8996
2024-10-10 07:00,230.9984
2024-10-10 07:30,231.0944
2024-10-10 08:00,231.2096
2024-10-10 08:30,231.3187
2024-10-10 09:00,231.4367
2024-10-10 09:30,231.5325
2024-10-10 10:00,231.6144
2024-10-10 10:30,231.6826
2024-10-10 11:00,231.7625
2024-10-10 11:30,231.8326
2024-10-10 12:00,231.9024
2024-10-10 12:30,231.9531
2024-10-10 13:00,232.017
2024-10-10 13:30,232.0851
2024-10-10 14:00,232.1523
2024-10-10 14:30,232.213
2024-10-10 15:00,232.2586
2024-10-10 15:30,232.3341
2024-10-10 16:00,232.395
2024-10-10 16:30,232.4618
2024-10-10 17:00,232.5343
2024-10-10 17:30,232.6105
2024-10-10 18:00,232.6943
2024-10-10 18:30,232.783
2024-10-10 19:00,232.8613
2024-10-10 19:30,232.9376
2024-10-11 04:00,233.0136
2024-10-11 04:30,233.099
2024-10-11 05:00,233.181
2024-10-11 05:30,233.244
2024-10-11 06:00,233.3185
2024-10-11 06:30,233.397
2024-10-11 07:00,233.4728
2024-10-11 07:30,233.5093
2024-10-11 08:00,233.5391
2024-10-11 08:30,233.5641
2024-10-11 09:00,233.5834
2024-10-11 09:30,233.5517
2024-10-11 10:00,233.525
2024-10-11 10:30,233.4873
2024-10-11 11:00,233.4343
2024-10-11 11:30,233.3777
2024-10-11 12:00,233.3228
2024-10-11 12:30,233.2723
2024-10-11 13:00,233.2079
2024-10-11 13:30,233.1617
2024-10-11 14:00,233.12
2024-10-11 14:30,233.0922
2024-10-11 15:00,233.0675
2024-10-11 15:30,233.0485
2024-10-11 16:00,233.0295
2024-10-11 16:30,233.0007
2024-10-11 17:00,232.9662
2024-10-11 17:30,232.9462
2024-10-11 18:00,232.9317
2024-10-11 18:30,232.9167
2024-10-11 19:00,232.8937
2024-10-11 19:30,232.8714
2024-10-14 04:00,232.857
2024-10-14 04:30,232.8445
2024-10-14 05:00,232.8325
2024-10-14 05:30,232.8224
2024-10-14 06:00,232.8189
2024-10-14 06:30,232.8082
2024-10-14 07:00,232.782
2024-10-14 07:30,232.7789
2024-10-14 08:00,232.779
2024-10-14 08:30,232.8015
2024-10-14 09:00,232.8159
2024-10-14 09:30,232.8618
2024-10-14 10:00,232.8927
2024-10-14 10:30,232.9452
2024-10-14 11:00,232.9919
2024-10-14 11:30,233.0422
2024-10-14 12:00,233.0953
2024-10-14 12:30,233.153
2024-10-14 13:00,233.2105
2024-10-14 13:30,233.2434
2024-10-14 14:00,233.2849
2024-10-14 14:30,233.322
2024-10-14 15:00,233.3649
2024-10-14 15:30,233.4019
2024-10-14 16:00,233.4395
2024-10-14 16:30,233.4728
2024-10-14 17:00,233.5181
2024-10-14 17:30,233.56
2024-10-14 18:00,233.6026
2024-10-14 18:30,233.6408
2024-10-14 19:00,233.6788
2024-10-14 19:30,233.717
2024-10-15 04:00,233.7698
2024-10-15 04:30,233.8205
2024-10-15 05:00,233.8711
2024-10-15 05:30,233.9238
2024-10-15 06:00,233.9818
2024-10-15 06:30,234.038
2024-10-15 07:00,234.0803
2024-10-15 07:30,234.1533
2024-10-15 08:00,234.2224
2024-10-15 08:30,234.2981
2024-10-15 09:00,234.3808
2024-10-15 09:30,234.4571
2024-10-15 10:00,234.5613
2024-10-15 10:30,234.6485
2024-10-15 11:00,234.733
2024-10-15 11:30,234.8122
2024-10-15 12:00,234.8866
2024-10-15 12:30,234.9474
2024-10-15 13:00,235.0022
2024-10-15 13:30,235.0309
2024-10-15 14:00,235.0399
2024-10-15 14:30,235.0437
2024-10-15 15:00,235.0522
2024-10-15 15:30,235.0435
2024-10-15 16:00,235.0394
2024-10-15 16:30,235.0352
2024-10-15 17:00,235.0379
2024-10-15 17:30,235.0387
2024-10-15 18:00,235.0312
2024-10-15 18:30,235.0179
2024-10-15 19:00,235.0109
2024-10-15 19:30,235.002
2024-10-16 04:00,234.9797
2024-10-16 04:30,234.9619
2024-10-16 05:00,234.944
2024-10-16 05:30,234.9319
2024-10-16 06:00,234.9235
2024-10-16 06:30,234.8999
2024-10-16 07:00,234.8812
2024-10-16 07:30,234.8361
2024-10-16 08:00,234.8009
2024-10-16 08:30,234.7575
2024-10-16 09:00,234.6949
2024-10-16 09:30,234.6422
2024-10-16 10:00,234.5812
2024-10-16 10:30,234.5161
2024-10-16 11:00,234.446
2024-10-16 11:30,234.3932
2024-10-16 12:00,234.3374
2024-10-16 12:30,234.2944
2024-10-16 13:00,234.2502
2024-10-16 13:30,234.2096
2024-10-16 14:00,234.1714
2024-10-16 14:30,234.1394
2024-10-16 15:00,234.0969
2024-10-16 15:30,234.0644
2024-10-16 16:00,234.0381
2024-10-16 16:30,234.0062
2024-10-16 17:00,233.9779
2024-10-16 17:30,233.9477
2024-10-16 18:00,233.8909
2024-10-16 18:30,233.8379
2024-10-16 19:00,233.7856
2024-10-16 19:30,233.7302
2024-10-17 04:00,233.6747
2024-10-17 04:30,233.6227
2024-10-17 05:00,233.5806
2024-10-17 05:30,233.5401
2024-10-17 06:00,233.4987
2024-10-17 06:30,233.4172
2024-10-17 07:00,233.3466
2024-10-17 07:30,233.2899
2024-10-17 08:00,233.2165
2024-10-17 08:30,233.1401
2024-10-17 09:00,233.0706
2024-10-17 09:30,232.9947
2024-10-17 10:00,232.9215
2024-10-17 10:30,232.8513
2024-10-17 11:00,232.7906
2024-10-17 11:30,232.7488
2024-10-17 12:00,232.732
2024-10-17 12:30,232.7238
2024-10-17 13:00,232.7128
2024-10-17 13:30,232.7093
2024-10-17 14:00,232.7034
2024-10-17 14:30,232.7006
2024-10-17 15:00,232.6958
2024-10-17 15:30,232.6959
2024-10-17 16:00,232.7111
2024-10-17 16:30,232.7141
2024-10-17 17:00,232.7134
2024-10-17 17:30,232.7121
2024-10-17 18:00,232.7129
2024-10-17 18:30,232.7178
2024-10-17 19:00,232.7246
2024-10-17 19:30,232.7258
2024-10-18 04:00,232.7298
2024-10-18 04:30,232.7473
2024-10-18 05:00,232.7543
2024-10-18 05:30,232.7598
2024-10-18 06:00,232.7483
2024-10-18 06:30,232.7399
2024-10-18 07:00,232.7543
2024-10-18 07:30,232.7599
2024-10-18 08:00,232.7703
2024-10-18 08:30,232.7836
2024-10-18 09:00,232.7921
2024-10-18 09:30,232.7805
2024-10-18 10:00,232.776
2024-10-18 10:30,232.7727
2024-10-18 11:00,232.7625
2024-10-18 11:30,232.7495
2024-10-18 12:00,232.7288
2024-10-18 12:30,232.7127
2024-10-18 13:00,232.6896
2024-10-18 13:30,232.6531
2024-10-18 14:00,232.6181
2024-10-18 14:30,232.5837
2024-10-18 15:00,232.5474
2024-10-18 15:30,232.524
2024-10-18 16:00,232.511
2024-10-18 16:30,232.5024
2024-10-18 17:00,232.4885
2024-10-18 17:30,232.476
2024-10-18 18:00,232.457
2024-10-18 18:30,232.442
2024-10-18 19:00,232.4212
2024-10-18 19:30,232.4022
2024-10-21 04:00,232.3809
2024-10-21 04:30,232.4022
2024-10-21 05:00,232.4007
2024-10-21 05:30,232.3957
2024-10-21 06:00,232.383
2024-10-21 06:30,232.3807
2024-10-21 07:00,232.3859
2024-10-21 07:30,232.3861
2024-10-21 08:00,232.3899
2024-10-21 08:30,232.3902
2024-10-21 09:00,232.372
2024-10-21 09:30,232.3581
2024-10-21 10:00,232.3401
2024-10-21 10:30,232.3117
2024-10-21 11:00,232.2787
2024-10-21 11:30,232.2539
2024-10-21 12:00,232.2347
2024-10-21 12:30,232.2167
2024-10-21 13:00,232.1969
2024-10-21 13:30,232.1697
2024-10-21 14:00,232.1257
2024-10-21 14:30,232.0974
2024-10-21 15:00,232.0724
2024-10-21 15:30,232.0549
2024-10-21 16:00,232.0604
2024-10-21 16:30,232.059
2024-10-21 17:00,232.074
2024-10-21 17:30,232.0799
2024-10-21 18:00,232.0864
2024-10-21 18:30,232.0817
2024-10-21 19:00,232.0725
2024-10-21 19:30,232.0639
2024-10-22 04:00,232.0639
2024-10-22 04:30,232.058
2024-10-22 05:00,232.0404
2024-10-22 05:30,232.0047
2024-10-22 06:00,231.9825
2024-10-22 06:30,231.959
2024-10-22 07:00,231.9685
2024-10-22 07:30,231.9839
2024-10-22 08:00,232.0
2024-10-22 08:30,231.9852
2024-10-22 09:00,231.977
2024-10-22 09:30,231.9657
2024-10-22 10:00,231.9563
2024-10-22 10:30,231.943
2024-10-22 11:00,231.9509
2024-10-22 11:30,231.9664
2024-10-22 12:00,231.9731
2024-10-22 12:30,231.989
2024-10-22 13:00,232.0022
2024-10-22 13:30,232.0075
2024-10-22 14:00,232.005
2024-10-22 14:30,231.9962
2024-10-22 15:00,232.003
2024-10-22 15:30,232.0032
2024-10-22 16:00,232.0045
2024-10-22 16:30,232.0029
2024-10-22 17:00,231.9994
2024-10-22 17:30,232.0025
2024-10-22 18:00,232.003
2024-10-22 18:30,232.0059
2024-10-22 19:00,232.0102
2024-10-22 19:30,232.0142
2024-10-23 04:00,232.0195
2024-10-23 04:30,232.0275
2024-10-23 05:00,232.0299
2024-10-23 05:30,232.0319
2024-10-23 06:00,232.0155
2024-10-23 06:30,232.014
2024-10-23 07:00,232.029
2024-10-23 07:30,232.0341
2024-10-23 08:00,232.0388
2024-10-23 08:30,232.0398
2024-10-23 09:00,232.0368
2024-10-23 09:30,232.0391
2024-10-23 10:00,232.0657
2024-10-23 10:30,232.0837
2024-10-23 11:00,232.0887
2024-10-23 11:30,232.1147
2024-10-23 12:00,232.1368
2024-10-23 12:30,232.1634
2024-10-23 13:00,232.1783
2024-10-23 13:30,232.1718
2024-10-23 14:00,232.1422
2024-10-23 14:30,232.1353
2024-10-23 15:00,232.1164
2024-10-23 15:30,232.1056
2024-10-23 16:00,231.9157
2024-10-23 16:30,231.7764
2024-10-23 17:00,231.6637
2024-10-23 17:30,231.5679
2024-10-23 18:00,231.4711
2024-10-23 18:30,231.3759
2024-10-23 19:00,231.2837
2024-10-23 19:30,231.2206
2024-10-24 04:00,231.0707
2024-10-24 04:30,230.9259
2024-10-24 05:00,230.7342
2024-10-24 05:30,230.5289
2024-10-24 06:00,230.3392
2024-10-24 06:30,230.1717
2024-10-24 07:00,230.0052
2024-10-24 07:30,229.8719
2024-10-24 08:00,229.7399
2024-10-24 08:30,229.6078
2024-10-24 09:00,229.4036
2024-10-24 09:30,229.1821
2024-10-24 10:00,228.9674
2024-10-24 10:30,228.7245
2024-10-24 11:00,228.4914
2024-10-24 11:30,228.2484
2024-10-24 12:00,228.0079
2024-10-24 12:30,227.7574
2024-10-24 13:00,227.501
2024-10-24 13:30,227.2417
2024-10-24 14:00,226.9974
2024-10-24 14:30,226.7493
2024-10-24 15:00,226.524
2024-10-24 15:30,226.2872
2024-10-24 16:00,226.0555
2024-10-24 16:30,225.8204
2024-10-24 17:00,225.589
2024-10-24 17:30,225.358
2024-10-24 18:00,225.1275
2024-10-24 18:30,224.897
2024-10-24 19:00,224.6664
2024-10-24 19:30,224.4404
